"","annualizedReturn","annualizedRisk","SharpeRatio"
"1",0.0361952252468909,0.191655795425525,0.188855365247517
